,probs,0,1,2,3,4,5,6,7,8,9,10,11,12,13,14,15,16,17,18,19,20,21,22,23,24,25,26,27,28,29,30,31,32,33,34,35,36,37,38,39,40,41,42,43,44,45,46,47,48,49,50,51,52,53,54,55,56,57,58,59,60,61,62,63,64,65,66,67,68,69,70,71,72,73,74,75,76,77,78,79,80,81,82,83,84,85,86,87,88,89,90,91,92,93,94,95,96,97,98,99
0,0.38292492254802624,33.786266,27.772758,33.118896,30.236229,30.672386,31.703255,29.964485,13.399852,18.928911,17.280113,19.134428,23.638636,22.278584,19.092838,20.582338,21.112177,18.922562,31.752632,21.588825,27.059778,19.683802,23.173204,21.98176,21.457048,21.376678,24.517141,21.38945,24.300776,29.591154,25.291311,26.07949,13.252914,17.085072,12.963818,17.615767,19.731937,17.970545,19.999493,15.439001,18.008926,18.210331,18.619938,18.5894,17.224674,19.440952,18.442387,16.678223,16.493324,16.82605,18.107035,20.117237,16.91014,20.527384,19.195038,21.218231,21.192032,18.40571,20.298727,16.406292,19.815657,20.186783,18.71543,21.033974,17.636719,21.999193,19.148546,22.348843,13.799756,18.941328,21.20374,17.942701,14.279876,22.731104,14.675962,24.953602,17.184946,18.978264,17.91893,24.055332,29.157684,32.005817,33.322887,31.415382,34.308826,33.237,34.007637,32.204884,33.232628,26.208656,17.929855,16.471298,16.8232,21.980677,16.505117,22.281427,22.847782,31.877958,28.808374,21.71419,32.196487
1,0.24173033745712882,32.203968,21.33294,26.631765,25.727568,26.484434,33.097782,31.598818,13.304717,19.477934,17.438509,19.650085,25.137579,21.439796,18.709562,20.309744,23.769793,17.247126,35.456448,21.676113,34.256657,24.915224,30.126276,25.869978,28.122997,22.21308,23.889244,17.35339,26.313013,21.178944,23.25437,8.590668,12.331933,13.996074,15.979149,19.148643,21.32152,20.315916,21.152443,17.115498,14.92791,19.816187,15.825841,18.587124,14.937264,25.210255,16.338322,18.878633,13.617104,16.083984,17.368809,22.243366,17.306553,21.20156,19.010714,19.56386,20.616322,19.282267,17.293674,20.551498,17.756254,21.527357,19.300196,19.591505,18.279488,24.223175,22.450293,23.768812,9.253506,19.301916,20.013489,19.068731,12.69643,23.801477,7.0358806,28.211294,13.104627,21.442791,19.630394,23.64516,29.05031,33.745644,32.886612,25.203552,25.526567,29.71582,34.776176,33.16099,34.748756,24.169737,25.407722,17.68076,24.807167,28.365425,22.815647,20.457499,19.48719,29.125498,22.958244,21.058891,32.635433
2,0.38292492254802624,27.37149,21.802591,25.439528,25.70466,27.057505,33.423523,34.36475,27.524252,19.417034,21.948935,18.439259,25.54273,23.171442,22.751955,19.341225,22.620905,18.550879,31.883816,24.758413,26.968384,21.167849,24.031584,23.607122,23.75381,23.42425,25.611244,18.54879,23.150265,25.276546,23.368906,27.10371,13.680292,17.401304,15.582294,16.634476,18.484543,20.13783,19.710655,16.668701,17.975246,17.394655,18.617983,22.309938,17.213837,20.338308,17.620018,17.50718,19.195581,17.082426,17.886023,19.503405,17.6333,20.972372,19.076838,19.673538,22.21925,18.084259,20.738493,12.49739,18.00306,15.105434,20.106468,18.75726,17.887976,22.754166,20.778055,21.750612,15.005714,18.149343,20.870028,20.637959,15.891755,20.534977,17.23548,24.523937,18.731972,20.152998,18.954256,26.610712,29.73131,34.20883,34.347343,31.308607,32.88759,33.345505,34.048637,31.880064,30.061432,25.384392,27.35958,21.719118,21.434492,23.794712,19.08029,22.630373,26.914164,29.89498,27.234875,21.290646,32.522545
3,0.2417303374571288,28.653395,22.71456,28.09898,26.289045,25.496492,27.299503,28.487732,17.589743,20.790432,18.804874,21.478748,23.667555,21.21269,20.368937,18.291765,22.796415,19.29988,31.166533,20.916107,29.279121,22.76863,27.508373,23.65314,26.475218,22.454586,24.931412,19.244577,24.735363,27.997236,24.109865,24.460663,13.972361,17.282885,15.521576,17.961634,19.69762,19.456919,19.119461,15.249456,20.859386,20.708406,18.156275,21.605265,14.374093,23.79545,18.316566,17.980154,20.738157,17.329384,21.061052,20.115887,17.659277,21.356436,18.970222,18.930386,20.559286,19.055473,18.520775,18.833548,18.51588,19.852167,18.355602,20.074259,17.431978,23.912766,21.151913,20.991373,14.315099,19.71543,20.618336,22.49943,14.457605,22.274542,12.254936,28.134243,16.627401,20.311432,18.465868,22.81465,29.621496,31.701612,31.128439,25.43034,27.101212,30.809347,33.66869,32.885643,33.595028,26.214695,28.48282,23.907015,26.659418,28.193607,23.685423,23.924763,25.893177,30.697813,26.34282,21.730137,33.044888
4,0.2417303374571288,26.929867,19.90067,26.790796,27.51073,28.095581,35.60317,36.097733,32.002625,24.393908,22.873217,20.299988,24.394617,20.342794,21.062513,18.705328,22.696768,19.867924,25.256195,20.082672,26.679523,22.077623,28.742826,24.844316,27.536556,27.263256,27.890142,19.808449,23.18546,25.850283,24.382812,20.14846,15.680421,14.294741,15.650419,17.28783,20.835281,21.092352,19.747608,14.399379,20.999489,16.65854,17.900078,20.95221,15.720202,17.979692,19.333546,18.376131,18.915586,16.944254,18.622034,17.566252,19.092113,19.800276,20.633692,18.361914,21.595749,19.33124,17.83218,15.424525,18.85951,15.63587,18.295256,19.399485,16.875658,24.528746,20.241547,20.359125,18.56229,17.778063,21.98522,17.782795,15.917764,20.589241,12.541732,25.16879,20.070084,21.48821,19.42439,25.001247,32.193485,36.211273,36.975147,31.94666,32.255558,33.828445,35.326843,33.769325,33.42224,29.677662,34.10855,33.624832,33.362278,33.321377,26.708414,22.281351,21.914177,22.727957,24.64388,21.88192,29.652046
5,0.38292492254802624,27.724407,20.455221,28.10745,28.028875,29.091604,32.95624,34.93481,34.297344,30.412937,24.623228,19.166378,21.977804,19.2905,21.656725,20.36138,22.303204,21.157747,20.696032,21.579967,26.081274,20.970213,27.69296,25.696821,25.239296,26.85718,28.634312,24.3169,25.804602,24.071157,23.591524,18.803501,14.229859,13.836629,16.746996,16.547405,19.664421,20.144089,18.684164,15.604259,25.199326,16.380184,17.848698,19.650301,15.053331,21.01255,18.181076,16.92244,13.518616,18.891562,18.635601,17.611849,17.706669,19.300611,18.869535,18.76603,19.04569,18.387236,19.86987,14.003914,20.530445,17.821276,17.777534,18.762558,18.007322,24.553602,19.362759,21.077032,20.052864,18.400032,23.34721,15.161555,19.102667,13.500857,14.430688,21.321253,22.954077,19.888163,21.100962,19.924192,30.925327,35.350883,36.00227,33.746403,32.854378,32.89941,35.411575,32.99776,31.750238,32.71213,33.514942,33.709415,30.10991,30.938091,28.035498,25.897287,24.1289,24.424194,22.417685,16.539577,26.859682
6,0.2417303374571288,25.425003,19.37307,22.192265,25.31612,22.906713,32.758488,32.051117,25.622665,21.579779,22.96807,22.470596,25.318775,21.366695,20.813612,17.995216,21.954308,20.795198,26.868288,22.596,23.197037,19.951103,23.782087,21.594736,23.453321,25.44873,23.549538,17.573166,25.005394,27.800713,26.80291,22.286222,17.163782,15.382947,15.119136,17.63196,18.428211,22.196194,21.011059,15.966539,20.926632,18.34425,17.422386,23.93971,16.817076,17.175823,19.45363,16.577896,20.051878,16.695837,18.23283,18.248499,18.336859,19.291473,19.635798,18.255089,21.916782,17.591667,20.065964,14.925158,17.598541,15.698973,18.850433,17.70315,18.635876,21.091028,19.063925,20.615662,14.436268,17.56008,20.899149,20.296753,15.381578,22.012707,14.048362,25.01627,15.901736,20.765709,17.76365,25.55108,30.006622,34.32707,35.461945,31.276453,32.14381,32.31868,33.662422,32.930443,33.75022,29.329973,33.25831,32.16319,32.692223,33.173035,25.529373,20.3157,23.325552,23.563063,25.03297,21.767128,31.008371
7,0.38292492254802624,24.211187,17.061083,23.278734,22.784458,24.63236,35.14206,34.40691,34.55064,24.545668,24.979584,19.253006,24.382975,20.58503,22.525423,20.03275,23.802925,18.521896,25.527918,20.226961,25.758823,19.236956,26.414978,22.346663,24.912956,24.959797,26.86349,25.5638,24.316387,24.633068,25.201128,13.258571,14.953737,15.398451,12.595779,20.186863,17.244919,18.06693,17.434929,15.5432825,16.505058,17.622547,16.75903,18.662464,18.098845,21.128605,17.870684,17.05832,16.645433,17.833838,18.179111,17.415388,18.506706,20.65404,19.388304,18.976482,20.644321,18.97264,18.700912,16.564196,20.318497,20.380575,18.538603,19.418928,19.304485,19.000147,18.440468,20.072132,18.207897,18.378353,20.580708,16.377697,19.833204,11.878614,16.073181,21.62027,19.135597,21.693647,18.497053,23.445778,29.798712,33.041515,34.72659,32.142868,33.67416,31.539694,35.3504,32.750675,31.926598,33.87744,25.14113,26.478554,18.67884,21.343685,22.087479,18.710299,23.29956,22.644308,24.524916,19.475409,27.821894
8,0.24173033745712882,27.561481,22.695868,29.184923,24.467728,28.682625,24.406813,28.113903,16.7857,18.467772,18.72499,21.876278,22.922369,20.27847,20.129063,19.575115,22.74205,21.436895,24.208715,19.443262,24.308573,20.060156,27.121227,23.448751,24.24909,22.059711,29.707409,29.736298,29.591188,32.581383,28.448153,31.143822,15.737734,18.578579,13.593512,18.742132,17.786125,18.73248,17.351261,15.423833,20.700954,18.454239,19.178854,19.320757,15.763948,19.409105,19.500546,16.004143,19.001703,16.852327,19.895405,16.64821,17.10099,18.612127,20.044376,19.503603,19.409306,18.253414,18.113646,17.090275,19.092384,19.199215,18.631308,20.577345,18.15101,19.908031,19.253025,18.809288,20.532097,18.071754,23.576895,22.05507,17.785439,16.770262,15.819739,23.689259,21.44733,19.407383,17.938347,23.856306,30.85427,33.69313,35.30103,32.3776,35.047554,33.26418,36.110874,34.175884,32.34263,31.538046,26.488508,26.94386,20.012793,22.952198,17.764256,21.361391,24.562925,29.261106,27.645973,18.51706,29.610907
9,0.38292492254802624,35.333355,25.483017,33.458626,32.035408,30.3375,32.89562,31.376242,16.311462,19.44982,17.77494,18.746132,25.37748,23.758564,20.284172,18.896711,21.386126,22.581663,33.453083,22.866362,29.09658,22.76256,28.892736,26.72881,24.257044,20.310263,28.012367,21.088255,23.243011,25.347006,20.734365,26.267956,12.516609,17.207396,13.100995,17.610884,19.957872,18.210262,17.723114,14.309603,20.804913,22.008823,21.164288,20.869263,14.5011425,23.946102,16.507101,20.0257,13.405084,16.369686,16.77111,20.433914,17.084103,21.858631,18.352762,18.907543,21.47681,17.870207,17.954733,21.00013,18.647667,23.215874,18.118212,20.035927,17.851955,24.814583,23.680435,21.579344,17.165459,19.431942,21.687975,19.852201,12.618667,19.942348,12.098787,24.123339,20.638466,17.013851,19.182196,25.101,28.66413,33.429874,32.13248,32.748672,32.112568,34.092205,33.109592,33.538235,32.892944,27.72028,19.0497,18.236563,18.467644,25.938406,21.22968,21.925404,18.195131,30.527273,23.052683,19.140512,31.186518
10,0.24173033745712882,29.359968,21.295607,28.407711,27.637037,28.114021,30.87497,32.25485,30.417372,27.944672,20.287645,20.447586,23.999866,23.365444,21.751936,19.661745,21.904097,23.207748,31.308096,24.09679,29.655592,19.924868,29.779999,28.998726,25.33278,23.408787,28.855867,25.701645,27.520052,28.841917,26.316654,29.161978,15.649224,15.812554,13.824214,18.75129,17.623953,18.830673,18.164385,15.475363,23.59215,18.944214,18.221672,17.170267,14.931682,20.994883,17.210045,17.418509,14.263581,17.30569,18.590687,18.7508,16.636045,20.152905,19.238165,19.148727,20.94432,18.050383,18.97339,15.60596,18.813478,22.188143,18.47962,23.23896,19.078167,30.186462,24.667355,22.72376,18.809187,18.858036,23.009768,17.577278,18.140825,13.999636,18.467535,21.910555,22.67926,19.836733,21.78596,22.074587,28.976603,32.449383,32.593533,33.698875,33.273605,34.643013,34.6942,33.176334,32.35733,30.69541,20.750341,20.13081,16.032553,22.850729,19.51146,23.094318,25.27532,27.071241,23.27555,16.410389,29.730429
11,0.060597535943081926,27.891512,22.744684,29.511753,25.737778,29.429308,28.287464,26.201242,17.935896,18.680424,21.238098,22.022047,21.988153,18.555895,22.09772,23.640703,24.839424,24.299263,17.269934,18.483805,23.517307,20.942383,25.895145,25.309252,23.081486,24.428766,24.973082,21.531086,29.264553,23.3462,21.510983,16.029367,13.28796,14.794054,16.026798,17.487993,20.679852,22.290915,21.354013,12.766294,27.244337,16.162123,18.503864,22.005362,15.629107,21.567337,19.210337,14.296247,15.28924,18.224775,21.43286,17.699314,17.612783,18.886036,19.226246,19.076069,18.237282,17.90549,20.93303,14.8194475,20.058403,15.834491,17.549776,16.717,19.219336,20.263632,15.369382,20.311451,17.264172,21.068981,22.525198,15.31647,18.353567,14.782914,12.977788,23.76894,18.859196,20.56403,19.108974,21.39806,32.070194,35.5242,36.43849,33.428375,33.557842,33.91618,35.890163,33.55402,31.855276,30.692696,34.299305,33.477787,30.61407,30.473034,27.239681,24.066952,25.903177,26.507439,26.715467,18.849735,28.760792
12,0.2417303374571288,26.187021,19.533945,24.908194,24.734879,27.596813,35.94352,36.40554,32.5302,21.886961,24.31809,21.07696,26.598944,20.684889,23.85673,19.740856,23.413532,17.94244,26.720743,20.627586,27.197687,20.160683,27.13797,23.641882,26.496775,24.862232,24.140823,17.218948,22.453274,22.04745,23.533201,18.37601,13.557192,14.912588,15.496484,18.096722,19.162258,20.496061,19.141645,14.948445,17.59029,17.387281,18.093657,22.613749,16.490156,19.84332,17.684652,17.017467,17.930376,16.619986,19.020985,18.623543,18.820162,19.884533,19.378319,18.00581,21.786812,19.060646,19.70558,12.298882,18.459404,14.225981,21.030447,20.050802,19.432476,22.212112,20.135904,21.187656,15.847719,18.303978,20.681482,17.805996,18.09605,17.77901,14.765159,24.899345,18.48215,21.320879,17.756666,27.449959,31.400383,36.026684,36.23245,31.561478,32.47653,34.241127,35.515327,33.702923,31.992607,28.179255,32.070866,29.975624,27.732735,27.655987,22.186672,19.529543,25.390928,23.687578,25.104074,20.162596,30.317207
13,0.38292492254802624,32.01462,23.618612,30.987333,27.370996,30.768064,26.751314,24.433344,13.696504,18.420618,20.20341,20.816769,23.295353,22.968218,23.918764,23.395098,22.750755,21.522621,21.575857,20.042763,20.967419,17.809227,21.578651,21.212727,19.730621,19.523727,27.956923,26.1413,28.93571,24.309612,25.077774,25.059296,16.067947,16.698412,14.8384495,18.094095,18.264175,19.65497,20.548578,15.8707695,25.654375,20.106146,20.802568,23.263067,16.870264,24.314766,18.105316,16.715057,13.997196,19.014296,20.794056,20.395252,17.353962,18.456339,18.697529,20.687317,17.313179,18.41308,19.5093,13.551266,19.918554,16.723433,18.302305,16.188608,19.337254,18.839464,17.763605,20.092495,19.568058,17.989126,23.249454,17.972599,15.897638,13.365681,19.210941,21.914106,19.89501,18.65337,18.54068,23.641342,28.783768,32.23328,32.05387,33.31014,33.80191,34.219273,35.144924,33.570763,30.933853,32.683563,25.597748,23.988247,16.95703,20.181152,18.39525,22.78431,27.66314,30.922558,27.326904,17.68649,29.39907
14,0.24173033745712882,33.886593,19.091503,31.118841,28.578749,30.951849,31.025908,27.137228,13.814757,17.29001,19.500698,20.213234,22.070482,20.516361,22.035553,24.417372,22.828785,23.465313,17.437206,18.365644,22.419321,20.881168,26.880833,22.467474,22.30111,21.61499,27.159533,23.562601,27.401505,20.891132,23.016672,12.169442,15.945302,14.417084,15.393946,18.083292,18.823074,20.306095,19.396181,14.09113,20.553242,18.485018,18.28527,23.31178,16.876986,23.183876,19.853638,17.006756,10.237191,18.025059,17.466824,18.881233,18.172506,20.376228,18.376541,19.122286,20.553286,17.79142,21.21761,19.187958,20.100044,18.581553,17.977036,16.021267,19.332567,20.10674,17.42863,23.071112,17.57573,20.240583,22.0578,16.086525,17.17228,14.72088,13.741443,21.705254,20.199703,17.422655,19.224718,24.224224,29.799896,34.35994,34.951923,34.0168,34.15747,32.58019,32.918503,31.261938,27.676,30.011086,23.879381,27.202324,18.353546,25.648754,22.207531,19.657187,19.903206,24.322214,22.362984,17.546963,26.11402
15,0.38292492254802624,30.036535,23.236464,27.794445,26.184374,27.698599,27.034163,24.359985,14.928611,19.173285,19.821157,19.965984,22.39178,21.871948,20.334202,22.993746,21.375423,19.891361,23.497019,18.345907,24.576609,20.138424,26.564201,25.297215,25.472244,23.189098,24.970987,20.756031,26.490324,22.837076,22.466698,16.608437,13.5756235,15.636325,14.369097,17.401545,19.213482,18.58366,20.32038,15.227456,20.731565,19.40791,18.221874,20.239017,16.616205,22.9945,17.564117,16.684282,13.649871,17.930666,19.688051,20.68762,16.617002,18.567966,18.727255,20.197546,19.054913,18.251049,20.443012,14.477436,18.100615,18.817347,19.652998,18.608223,18.84537,19.545128,18.496687,21.502993,15.297917,19.239422,21.871881,15.421126,18.044586,17.304392,15.330932,23.745155,16.433119,20.731548,18.817982,23.751492,28.124325,32.087902,31.6094,31.26032,32.284763,33.018513,34.549286,32.31342,31.539045,28.454548,23.370253,19.429825,16.12511,20.319084,18.428078,22.007875,28.55952,29.209747,27.574287,18.622328,30.721666
16,0.060597535943081926,29.502544,20.576853,30.564123,23.704107,27.0998,24.418873,25.51668,20.408516,17.684135,21.800697,18.577219,23.595758,21.072586,20.944366,20.33671,21.912722,20.703253,23.96011,21.663927,22.461384,17.720598,25.306623,20.902975,20.460754,21.354141,30.543789,32.247864,30.694857,31.443384,30.174198,30.815266,15.737866,17.903551,11.616867,18.858076,16.993021,17.025919,18.824005,17.181217,20.493717,19.856573,17.759348,20.759407,16.474386,22.1203,18.022453,16.177011,19.382435,18.553497,19.972263,18.82138,17.500124,17.783827,20.063866,19.89009,17.743628,19.23855,16.530901,12.432739,18.560465,17.561638,18.43545,18.470068,19.019352,16.286406,16.42825,18.463879,20.345642,17.438013,22.314644,20.911974,18.095228,10.916686,21.35635,21.82032,19.580372,19.830154,16.603619,22.647556,29.957615,31.73559,33.617996,33.965107,36.12834,34.4627,36.775455,34.599407,33.402016,36.23284,25.41598,23.202808,14.880136,16.717754,17.760805,20.813416,26.773077,30.62218,27.473957,17.758015,30.264719
17,0.24173033745712882,24.968924,20.165522,24.197653,22.51927,24.249874,30.303095,32.13101,24.905523,20.983433,21.314404,21.568329,24.057241,20.242794,21.643047,18.943659,22.736418,15.300315,29.706339,19.813797,31.237076,23.865368,30.031794,24.577831,29.08379,24.52679,22.30544,15.529139,24.53381,22.298851,22.154547,16.8463,11.344812,16.31614,17.284704,19.14177,19.831123,19.50738,21.799192,16.379812,19.315363,18.361958,17.860935,21.503805,14.58306,21.924189,17.113176,16.525114,19.794437,15.796969,19.980658,19.858624,17.90533,18.192047,18.500725,18.130852,20.951834,18.911758,19.98372,12.454564,17.628609,15.803107,20.992731,18.919838,18.834589,23.385643,21.085003,22.039663,11.707189,19.552505,20.32546,21.561213,17.30966,21.932463,12.39792,28.588974,13.548036,24.16891,17.02349,24.95398,29.92127,35.411507,34.50807,28.203749,28.178244,32.54687,35.351536,33.86471,33.52644,28.38626,32.568306,28.23631,27.683023,27.594154,22.885723,21.605064,29.34932,26.882677,27.60724,22.083128,33.574142
18,0.2417303374571288,35.56033,29.914715,35.11871,31.984165,35.43776,32.997364,30.87834,12.704466,20.62458,19.663946,26.81653,22.675917,21.489635,18.482338,22.665674,25.210613,22.937435,17.227592,15.552003,18.863283,20.774853,24.409983,22.766386,17.733961,21.88726,26.636581,28.904682,29.861624,28.507284,24.783781,24.364004,16.694248,15.500226,10.035967,16.389034,18.497965,18.069094,19.557652,14.529387,19.752964,19.396189,15.653507,20.502468,17.01752,20.245115,17.771093,16.737381,13.47345,18.298704,17.234995,18.46285,17.280613,20.26192,18.259243,17.192186,16.873482,17.715902,21.09683,18.056509,19.217646,19.298958,16.696728,22.763262,19.763023,19.40176,17.57674,19.96982,17.353247,19.4517,21.51847,14.058357,16.646978,16.60972,13.197401,23.123755,23.922483,19.45144,18.634289,27.732452,30.093117,35.17351,36.00293,35.836647,36.937263,34.15588,35.559734,32.909733,32.948303,27.745422,16.274437,16.93107,15.324404,20.598946,17.785782,17.860895,21.729183,28.602314,27.154411,19.779402,28.515022
19,0.38292492254802624,33.455563,27.352766,34.447964,30.019913,30.555473,32.49628,33.083427,22.801252,20.541176,19.62471,18.37075,25.399075,23.513258,20.181479,18.02524,22.434984,18.350712,32.383354,24.018248,26.40911,19.092125,21.285488,21.922697,16.342455,25.937119,27.392328,28.36993,27.293583,35.765915,30.53729,36.183197,18.995295,18.821196,11.047454,17.942713,20.079298,16.930521,19.736795,15.803551,19.082403,19.42745,17.372713,18.467932,17.07054,15.9834585,17.228596,15.677016,19.873098,17.600922,16.412926,16.215755,17.802927,20.095316,21.289852,20.307888,21.416578,17.466919,22.170544,14.596894,19.981445,18.420597,17.616125,23.912523,17.10595,19.624308,17.297697,18.825495,16.821503,19.786291,18.81176,21.219349,14.918105,19.081167,15.572233,21.34973,23.207882,17.349785,17.000975,23.517097,30.084097,34.524555,35.92523,34.882843,37.1116,34.84359,36.009697,35.27063,33.4501,32.403698,12.254239,19.064732,15.448345,22.782713,13.730546,19.982729,18.810822,30.258831,28.878544,20.339388,30.15831
20,0.2417303374571288,32.880466,27.485508,34.00467,29.327082,34.531673,29.954794,26.888803,12.9531355,16.237192,20.927263,19.177292,23.596033,22.64324,24.158157,23.200823,22.953402,20.885004,21.525558,20.241375,18.064495,17.89038,22.119356,20.91952,18.155901,20.611038,29.577658,28.589,30.882723,29.269049,25.922379,28.854008,15.748021,16.554394,11.704043,15.610632,18.634703,16.93455,19.407581,16.778545,21.290607,19.485641,16.102884,22.312561,17.66761,24.560879,17.971876,14.304029,18.462332,17.609676,21.860104,21.390684,15.803497,18.875656,18.661385,20.36159,16.869198,18.323093,17.751884,10.314317,17.475016,14.126482,19.178421,17.827087,19.415314,14.7334585,15.139166,18.926912,18.003904,17.73503,23.126814,17.613382,17.935701,13.845684,21.045134,22.857355,19.422928,19.61161,15.036635,25.872568,28.2567,32.66172,33.953648,35.132984,36.86238,35.200535,36.699886,34.246212,32.9887,33.665913,23.49934,16.970137,14.823533,16.176132,15.884169,21.10788,29.071533,33.177876,30.51387,19.688602,32.144463
21,0.38292492254802624,32.65972,25.18731,32.06075,28.404364,32.12149,30.505665,26.30445,13.188955,17.846992,19.024164,21.819735,21.460829,20.397518,20.075838,23.283134,24.19241,21.939144,18.933868,16.947924,20.046013,19.873587,23.316132,21.85815,19.765745,22.085573,23.836372,23.986925,25.649635,21.178093,22.885185,13.226119,16.26836,16.030289,12.591198,17.392843,18.505554,18.769562,18.839931,14.922808,19.497532,17.392563,17.804857,20.150812,17.688883,21.089926,19.666512,16.366735,13.752363,17.624203,19.320618,18.449673,17.478365,20.525785,18.295458,19.39773,18.268883,19.110497,18.469208,18.015844,18.786617,19.752745,18.564787,17.690025,20.546846,16.414824,19.045122,20.28094,18.294905,18.425627,22.013378,17.09021,17.566912,16.113096,15.015744,23.643133,18.53921,20.00281,17.961266,25.819124,31.413834,33.255737,34.42485,33.021744,34.41066,31.447092,34.678345,32.394474,31.513952,31.716465,21.875969,23.627771,17.36898,21.672688,19.993176,19.232662,23.33514,28.128555,26.989113,20.03648,28.449673
22,0.38292492254802624,26.192163,21.063446,24.995714,27.377247,27.975817,33.386055,34.827644,33.667892,28.112675,23.193998,19.565834,24.315536,23.311146,22.794748,19.752586,20.451149,23.626287,23.20352,22.338934,23.985567,19.314026,26.907167,26.110388,24.472164,25.479609,25.458733,17.155012,25.55711,27.584345,25.288872,26.608984,15.355445,13.912962,16.690725,17.135798,20.089325,21.977833,19.53139,13.881269,27.112503,16.023228,18.230188,21.53075,15.353757,20.15437,18.832436,17.776506,16.626259,16.348358,19.848022,17.977015,17.9067,18.338491,20.6784,17.559803,21.331053,17.112806,20.580168,12.2872305,17.585228,16.247519,19.04313,20.32252,18.67406,27.707548,22.204342,19.941628,17.986301,18.389442,22.70629,17.29498,16.87598,17.740995,14.207251,24.628593,20.375845,21.094511,20.314838,22.298634,32.123116,36.3989,36.463432,34.246025,32.60436,34.443913,34.335518,32.923347,32.60075,30.01799,34.3882,32.853172,32.256035,32.48906,26.957747,24.898521,23.853245,23.663189,24.335674,20.753895,30.456972
23,0.2417303374571288,30.8646,22.464302,30.004671,29.992186,27.39784,31.859953,33.743267,26.507545,22.524155,19.902126,20.060759,25.646086,23.052692,21.089403,18.803667,21.932348,21.601727,30.360302,21.524979,28.780483,22.382841,29.537264,25.945305,26.279339,21.92964,30.040154,22.563261,26.20214,27.819736,24.852829,28.744637,14.506637,16.280449,15.038734,16.783123,20.391771,18.505445,19.180128,14.171306,19.384645,20.04745,19.129986,21.094635,15.826145,21.958778,16.750687,18.685175,17.36891,16.130941,17.888933,18.235914,17.387535,21.519117,18.837124,19.486742,21.279215,18.766445,18.928858,17.395117,18.720314,18.462189,18.375319,20.625961,17.090252,25.780844,22.057777,21.006052,17.95293,20.044392,22.10176,20.966667,15.5645,17.911184,14.291796,23.73938,21.585896,18.82163,19.664064,24.496395,29.58307,34.44294,34.819572,32.607372,31.757872,32.375572,33.06379,31.232027,30.704952,24.456266,27.24216,23.922289,24.705353,26.725943,22.224476,23.254324,21.29798,29.664814,23.096724,19.983034,30.222694
24,0.24173033745712882,34.193268,25.56465,32.815807,30.89853,32.851166,29.691153,30.343939,13.077668,17.978724,18.817385,20.770113,24.559643,22.447535,20.662287,21.274162,20.712664,22.608406,20.608574,19.67385,21.35044,20.324821,25.085571,23.647623,20.942614,21.49062,30.907745,25.929535,29.368607,27.291552,24.85047,29.193449,16.437744,16.74116,14.81198,17.90289,19.098804,20.911634,18.907457,15.201782,21.15214,18.305763,19.076128,20.873335,16.283031,20.798178,18.58138,17.166882,13.147516,18.90458,16.944975,19.281775,16.83193,20.08933,18.288284,19.124678,19.698408,17.854362,20.54932,15.524114,19.400389,17.905596,18.728292,18.326372,19.84231,21.946167,20.373999,21.124407,19.119608,19.435896,23.239428,17.328564,15.842239,18.522938,14.654488,22.433113,24.169992,18.178354,20.406069,26.712248,29.949112,35.14412,35.56266,35.3685,34.707935,33.20885,32.739735,31.23427,28.062763,25.791203,21.19043,21.226809,17.258287,23.316833,18.147379,22.765621,20.269096,29.46394,23.33532,17.961132,27.715265
25,0.38292492254802624,30.536196,16.815784,26.73313,21.73867,25.913837,29.944687,27.370543,20.33873,17.599041,21.664124,19.727678,21.570982,20.200096,20.619825,24.70877,24.27644,23.858398,19.767542,18.795023,23.181118,20.314861,30.139688,23.325727,25.977816,23.180834,25.334824,23.380861,25.959642,17.947323,24.38374,6.442295,15.752897,13.093679,12.340238,17.932848,16.762466,17.610123,20.083557,14.761309,16.61709,17.444456,16.32393,18.604267,19.664042,23.57101,18.283705,16.391018,9.952489,17.723518,19.519032,19.329468,17.712654,19.082083,18.201542,18.463097,18.629086,17.940016,19.171944,16.034346,19.206114,20.160742,18.332212,16.172104,19.952888,17.115124,15.868494,21.485361,16.331308,19.716408,20.17736,13.9292145,21.716713,8.970908,14.619066,20.152533,18.917053,19.479769,19.354885,22.34065,28.521711,32.6686,32.944317,32.591724,32.413765,31.39657,35.312855,32.719704,31.948223,34.202312,25.628004,24.94222,15.871638,20.378489,21.902807,19.73466,27.024582,26.68671,27.49025,18.889454,27.73253
26,0.24173033745712882,24.299013,19.63838,20.94242,22.973438,21.232471,32.546654,32.58205,29.04009,23.663929,20.704233,21.334423,24.7371,20.550396,20.76144,20.393589,23.098673,18.876926,31.160467,21.299515,31.342724,21.694908,30.66566,27.998753,28.569138,26.92892,25.145191,21.120714,24.920982,28.252281,23.711798,18.141497,14.229621,15.193406,15.337257,19.114237,19.179506,18.618309,19.921522,15.557244,17.69788,19.067333,16.727617,18.621845,16.51528,18.64311,18.09152,18.285776,15.64479,16.67066,17.322742,18.778343,17.423258,18.629608,19.736954,18.96205,20.933832,19.26014,20.526823,15.323104,17.37247,19.98286,18.864344,23.333744,18.610985,28.478157,23.699282,24.093256,14.937788,18.10946,21.696247,16.842268,18.670332,19.827225,13.247124,25.41985,18.038206,21.891459,19.062292,23.570217,29.266098,34.041092,34.712154,31.481243,31.495928,31.885904,34.521584,32.273182,33.15948,28.341202,28.278917,25.295746,26.293486,26.437252,22.3028,20.201832,24.546804,25.670341,25.616693,21.267393,31.018387
27,0.24173033745712882,33.95939,26.78009,33.632114,27.450521,29.283161,28.263008,26.569262,12.753169,19.032824,17.711384,19.616756,22.961653,21.566795,18.501474,19.909685,20.926298,18.045982,24.783653,16.777227,22.617516,18.629953,22.810184,21.564322,20.575924,20.685333,22.923971,21.69477,22.389397,27.453005,24.423058,20.15366,12.908585,16.16324,11.535726,17.616964,18.607655,17.256771,18.005465,15.653009,18.00085,17.55969,19.034998,18.026344,16.932125,20.560339,18.64491,15.054527,15.708841,16.635315,18.497286,18.280848,16.17753,19.81968,20.216938,19.601238,19.341331,17.464102,18.041832,18.874104,19.42154,21.568415,18.864355,20.940405,19.1724,17.895819,21.287977,18.732351,17.891489,19.462646,20.040146,21.544386,15.280176,19.0337,12.9483595,25.923672,17.27817,20.699741,17.6016,26.786003,33.112476,33.955925,34.317158,31.52414,34.34164,31.491636,34.9688,32.614655,32.848915,31.431131,16.990469,20.387756,15.315657,21.071722,16.911825,20.47597,21.34603,30.004797,26.796618,18.953377,30.748598
28,0.2417303374571288,25.416283,17.997665,24.301596,25.925568,26.91919,34.351612,34.030033,33.216145,24.46997,26.107765,19.12837,25.222517,22.176214,23.593561,19.699198,22.603846,18.62822,24.795914,22.46697,23.819834,20.168829,23.548721,21.660618,21.889692,23.846188,26.419134,24.196596,23.453983,25.933172,26.72149,22.848206,15.024881,16.925283,13.483416,18.492968,18.811737,17.507425,18.886608,16.801273,20.213545,18.429245,17.741554,22.223967,18.649239,20.855911,17.847527,16.553019,19.24453,18.160885,18.625324,17.795816,19.52221,20.590841,19.570362,19.708815,21.231415,19.39723,18.876146,16.537498,19.800539,18.35175,18.378296,19.449821,19.321232,19.71502,19.608648,19.89065,19.580101,19.022144,20.854559,19.966413,17.98991,14.589921,17.246449,22.982285,18.853605,21.758768,17.675207,24.011683,29.730476,32.3065,34.09838,31.69313,33.03815,31.755472,34.204853,32.812943,31.810555,32.744385,27.766945,29.14743,22.16078,24.006973,22.402767,20.478783,23.024052,24.286741,24.371944,19.781597,28.850714
29,0.24173033745712882,28.5763,18.02099,22.163433,23.550953,24.049757,31.464354,31.277363,23.483217,20.380024,19.932674,18.150108,22.824875,21.134953,20.770088,20.309628,22.254908,22.099186,28.576954,23.567095,25.001358,18.311745,24.854538,23.996342,23.208279,26.016151,23.58052,20.500168,27.260178,26.499937,25.826075,16.762356,17.376436,13.710956,14.244826,18.785252,18.312185,18.466541,17.673227,16.326351,20.772713,19.130142,17.426609,19.76442,18.112024,19.663729,17.620916,18.355907,12.180425,18.30738,17.201855,18.663103,15.862649,19.262419,18.213745,18.597511,19.852089,19.052244,20.200834,12.547655,17.815725,19.15126,19.491081,20.33149,19.834051,23.563337,21.878315,23.474463,15.299688,17.507818,21.393732,14.213074,17.03804,18.06139,15.277634,24.258904,19.164999,20.932026,19.087275,22.775274,29.322283,34.142063,34.90235,33.774582,33.500458,32.50716,32.862926,33.093575,29.913807,31.459349,18.140415,25.006031,17.315073,24.417957,20.73049,18.881956,24.455505,23.620634,24.737202,19.132402,28.645355
